url,product_id,category
https://www.amazon.in/Amazon-Brand-Solimo-Vegetable-Chopper/dp/B07FFG653K/ref=zg_bs_kitchen_18/259-6753901-6196639?_encoding=UTF8&psc=1&refRID=751EEY1A6SE5C7205BJD,B07FFG653K,Home & kitchen
https://www.amazon.in/Ahmedabad-Cotton-Double-Bedsheet-Pillow/dp/B07CN7NJQS/ref=zg_bs_kitchen_27/259-6753901-6196639?_encoding=UTF8&psc=1&refRID=751EEY1A6SE5C7205BJD,B07CN7NJQS,Home & kitchen
https://www.amazon.in/Raawan-Durable-Plastic-Organizers-Utensils/dp/B0851SZWQS/ref=zg_bs_kitchen_32/259-6753901-6196639?_encoding=UTF8&psc=1&refRID=751EEY1A6SE5C7205BJD,B0851SZWQS,Home & kitchen
https://www.amazon.in/Usha-EI-1602-1000-Watt-Lightweight/dp/B008YW3CYM/ref=zg_bs_kitchen_45/259-6753901-6196639?_encoding=UTF8&psc=1&refRID=751EEY1A6SE5C7205BJD,B008YW3CYM,Home & kitchen
https://www.amazon.in/Pigeon-Stovekraft-Handy-chopper-L_14298/dp/B07X2RGYYL/ref=zg_bs_kitchen_1/259-6753901-6196639?_encoding=UTF8&psc=1&refRID=751EEY1A6SE5C7205BJD,B07X2RGYYL,Home & kitchen
https://www.amazon.in/HIYANSHI-HOME-FURNISHING-Cotton-Bedsheet/dp/B08B5HLTLX/ref=zg_bs_kitchen_17/259-6753901-6196639?_encoding=UTF8&psc=1&refRID=751EEY1A6SE5C7205BJD,B08B5HLTLX,Home & kitchen
https://www.amazon.in/Oddy-Uniwraps-Baking-Cooking-Parchment/dp/B00UX7644Q/ref=zg_bs_kitchen_15/259-6753901-6196639?_encoding=UTF8&psc=1&refRID=751EEY1A6SE5C7205BJD,B00UX7644Q,Home & kitchen
https://www.amazon.in/Ezee-Garbage-Bag-inches-Pieces/dp/B08217WK1W/ref=zg_bs_kitchen_13/259-6753901-6196639?_encoding=UTF8&psc=1&refRID=751EEY1A6SE5C7205BJD,B08217WK1W,Home & kitchen
https://www.amazon.in/Wakefit-Cotton-Single-Mattress-Protector/dp/B01GPY5L9O/ref=zg_bs_kitchen_5/259-6753901-6196639?_encoding=UTF8&psc=1&refRID=751EEY1A6SE5C7205BJD,B01GPY5L9O,Home & kitchen
https://www.amazon.in/Milton-Thermosteel-Duo-Deluxe-350ml/dp/B00F2GPPVQ/ref=zg_bs_kitchen_8/259-6753901-6196639?_encoding=UTF8&psc=1&refRID=751EEY1A6SE5C7205BJD,B00F2GPPVQ,Home & kitchen
https://www.amazon.in/Recron-Certified-Dream-Fibre-Pillow/dp/B0813RMSTK/ref=zg_bs_kitchen_12/259-6753901-6196639?_encoding=UTF8&psc=1&refRID=751EEY1A6SE5C7205BJD,B0813RMSTK,Home & kitchen
https://www.amazon.in/Ganesh-Chopper-Vegetable-Cutter-Blue/dp/B07V1X67QC/ref=zg_bs_kitchen_14/259-6753901-6196639?_encoding=UTF8&psc=1&refRID=751EEY1A6SE5C7205BJD,B07V1X67QC,Home & kitchen
https://www.amazon.in/Ajanta-Quartz-Clock-Ivory-Golden/dp/B01GTX6I3E/ref=zg_bs_kitchen_25/259-6753901-6196639?_encoding=UTF8&psc=1&refRID=751EEY1A6SE5C7205BJD,B01GTX6I3E,Home & kitchen
https://www.amazon.in/Faber-Castell-Connector-Pen-Set-Assorted/dp/B00LY28D3O/ref=zg_bs_kitchen_39/259-6753901-6196639?_encoding=UTF8&psc=1&refRID=751EEY1A6SE5C7205BJD,B00LY28D3O,Home & kitchen
https://www.amazon.in/Enabled-12-5-Watt-Million-Compatible-Assistant/dp/B08D72VYQD/ref=zg_bs_kitchen_20/259-6753901-6196639?_encoding=UTF8&psc=1&refRID=751EEY1A6SE5C7205BJD,B08D72VYQD,Home & kitchen
https://www.amazon.in/Ajanta-Quartz-Office-Clock-AQ-2147/dp/B00PXJWJJI/ref=zg_bs_kitchen_19/259-6753901-6196639?_encoding=UTF8&psc=1&refRID=751EEY1A6SE5C7205BJD,B00PXJWJJI,Home & kitchen
https://www.amazon.in/Philips-Base-9-Watt-Bulb-Light/dp/B00HHQASW0/ref=zg_bs_kitchen_38/259-6753901-6196639?_encoding=UTF8&psc=1&refRID=751EEY1A6SE5C7205BJD,B00HHQASW0,Home & kitchen
https://www.amazon.in/Odonil-Toilet-Air-Freshener-50g/dp/B072Q5VP76/ref=zg_bs_kitchen_7/259-6753901-6196639?_encoding=UTF8&psc=1&refRID=751EEY1A6SE5C7205BJD,B072Q5VP76,Home & kitchen
https://www.amazon.in/Crystal-Stove-Lighter-Stainless-Aristo/dp/B00INQOQ3U/ref=zg_bs_kitchen_35/259-6753901-6196639?_encoding=UTF8&psc=1&refRID=751EEY1A6SE5C7205BJD,B00INQOQ3U,Home & kitchen
https://www.amazon.in/Saral-Home-Microfiber-Bathamat-Black/dp/B07DC5WPJ6/ref=zg_bs_kitchen_10/259-6753901-6196639?_encoding=UTF8&psc=1&refRID=751EEY1A6SE5C7205BJD,B07DC5WPJ6,Home & kitchen
https://www.amazon.in/Wipro-6W-Deco-Table-Lamp/dp/B07TQTSQZ9/ref=zg_bs_kitchen_41/259-6753901-6196639?_encoding=UTF8&psc=1&refRID=751EEY1A6SE5C7205BJD,B07TQTSQZ9,Home & kitchen
https://www.amazon.in/Milton-Thermosteel-Flask-milliliters-Silver/dp/B00NIWHQVI/ref=zg_bs_kitchen_2/259-6753901-6196639?_encoding=UTF8&psc=1&refRID=751EEY1A6SE5C7205BJD,B00NIWHQVI,Home & kitchen
https://www.amazon.in/Health-Sense-Chef-Mate-Digital-Scale-KS33/dp/B013B2WGT6/ref=zg_bs_kitchen_46/259-6753901-6196639?_encoding=UTF8&psc=1&refRID=751EEY1A6SE5C7205BJD,B013B2WGT6,Home & kitchen
https://www.amazon.in/Global-Grabbers-Sitting-Buddha-Showpiece/dp/B07W5SBH5J/ref=zg_bs_kitchen_44/259-6753901-6196639?_encoding=UTF8&psc=1&refRID=751EEY1A6SE5C7205BJD,B07W5SBH5J,Home & kitchen
https://www.amazon.in/Bulfyss-8-Piece-Plastic-Measuring-Spoon/dp/B01M3SSNZO/ref=zg_bs_kitchen_28/259-6753901-6196639?_encoding=UTF8&psc=1&refRID=751EEY1A6SE5C7205BJD,B01M3SSNZO,Home & kitchen
https://www.amazon.in/Amazon-Brand-Solimo-Revolving-pieces/dp/B07PCD6GC6/ref=zg_bs_kitchen_37/259-6753901-6196639?_encoding=UTF8&psc=1&refRID=751EEY1A6SE5C7205BJD,B07PCD6GC6,Home & kitchen
https://www.amazon.in/GLUN-Switch-Indicator-Fluorescent-Coloured/dp/B07MQ47J5T/ref=zg_bs_kitchen_26/259-6753901-6196639?_encoding=UTF8&psc=1&refRID=751EEY1A6SE5C7205BJD,B07MQ47J5T,Home & kitchen
https://www.amazon.in/Amazon-Brand-Solimo-Induction-Compatible/dp/B07P5SX4DC/ref=zg_bs_kitchen_29/259-6753901-6196639?_encoding=UTF8&psc=1&refRID=751EEY1A6SE5C7205BJD,B07P5SX4DC,Home & kitchen
https://www.amazon.in/Kitchen4u-Designer-Bird-Plastic-Fork/dp/B087N4PXMN/ref=zg_bs_kitchen_30/259-6753901-6196639?_encoding=UTF8&psc=1&refRID=751EEY1A6SE5C7205BJD,B087N4PXMN,Home & kitchen
https://www.amazon.in/Ahmedabad-Cotton-Superior-Double-Bedsheet/dp/B016J5I5GU/ref=zg_bs_kitchen_49/259-6753901-6196639?_encoding=UTF8&psc=1&refRID=751EEY1A6SE5C7205BJD,B016J5I5GU,Home & kitchen
https://www.amazon.in/NaturePac-Garbage-Biodegradable-Kitchen-48cmx56cm/dp/B07JFYBYK2/ref=zg_bs_kitchen_50/259-6753901-6196639?_encoding=UTF8&psc=1&refRID=751EEY1A6SE5C7205BJD,B07JFYBYK2,Home & kitchen
https://www.amazon.in/Tosaa-Non-Stick-Cavity-Appam-Patra/dp/B00MUHYDJA/ref=zg_bs_kitchen_22/259-6753901-6196639?_encoding=UTF8&psc=1&refRID=751EEY1A6SE5C7205BJD,B00MUHYDJA,Home & kitchen
https://www.amazon.in/Divine-Casa-Cotton-Abstarct-Bedsheet/dp/B0813DN4VV/ref=zg_bs_kitchen_43/259-6753901-6196639?_encoding=UTF8&psc=1&refRID=751EEY1A6SE5C7205BJD,B0813DN4VV,Home & kitchen
https://www.amazon.in/Milton-Plastic-Multi-Purpose-Box-Blue/dp/B07K2MPC3M/ref=zg_bs_kitchen_21/259-6753901-6196639?_encoding=UTF8&psc=1&refRID=751EEY1A6SE5C7205BJD,B07K2MPC3M,Home & kitchen
https://www.amazon.in/Prestige-1-2-Kettle-1200-watts-Maroon/dp/B07VNFMWJT/ref=zg_bs_kitchen_3/259-6753901-6196639?_encoding=UTF8&psc=1&refRID=751EEY1A6SE5C7205BJD,B07VNFMWJT,Home & kitchen
https://www.amazon.in/Scotch-Double-Foam-Tape-24/dp/B00N1U9AJS/ref=zg_bs_kitchen_24/259-6753901-6196639?_encoding=UTF8&psc=1&refRID=751EEY1A6SE5C7205BJD,B00N1U9AJS,Home & kitchen
https://www.amazon.in/Bulfyss-Combo-Pack-Decorating-Sugarcraft/dp/B01B2IRQ32/ref=zg_bs_kitchen_23/259-6753901-6196639?_encoding=UTF8&psc=1&refRID=751EEY1A6SE5C7205BJD,B01B2IRQ32,Home & kitchen
https://www.amazon.in/Pigeon-Stainless-Steel-6-Plates-Maker/dp/B00NL18CT6/ref=zg_bs_kitchen_33/259-6753901-6196639?_encoding=UTF8&psc=1&refRID=751EEY1A6SE5C7205BJD,B00NL18CT6,Home & kitchen
https://www.amazon.in/Cello-Checkers-Plastic-Container-18-Pieces/dp/B07JCZVHK7/ref=zg_bs_kitchen_6/259-6753901-6196639?_encoding=UTF8&psc=1&refRID=751EEY1A6SE5C7205BJD,B07JCZVHK7,Home & kitchen
https://www.amazon.in/Amazon-Brand-Compact-Vegetable-Chopper/dp/B07P6XL1M3/ref=zg_bs_kitchen_31/259-6753901-6196639?_encoding=UTF8&psc=1&refRID=751EEY1A6SE5C7205BJD,B07P6XL1M3,Home & kitchen
https://www.amazon.in/Prestige-Iris-Grinder-Stainless-Juicer/dp/B0756K5DYZ/ref=zg_bs_kitchen_40/259-6753901-6196639?_encoding=UTF8&psc=1&refRID=751EEY1A6SE5C7205BJD,B0756K5DYZ,Home & kitchen
https://www.amazon.in/Pigeon-Stainless-Knives-Set-Multicolor/dp/B010T746QM/ref=zg_bs_kitchen_9/259-6753901-6196639?_encoding=UTF8&psc=1&refRID=751EEY1A6SE5C7205BJD,B010T746QM,Home & kitchen
https://www.amazon.in/Amazon-Brand-Solimo-Stainless-Induction/dp/B07XRZ144C/ref=zg_bs_kitchen_48/259-6753901-6196639?_encoding=UTF8&psc=1&refRID=751EEY1A6SE5C7205BJD,B07XRZ144C,Home & kitchen
https://www.amazon.in/Shalimar-Premium-OXO-Biodegradable-Garbage/dp/B07TCBTG17/ref=zg_bs_kitchen_4/259-6753901-6196639?_encoding=UTF8&psc=1&refRID=751EEY1A6SE5C7205BJD,B07TCBTG17,Home & kitchen
https://www.amazon.in/SteelBird-Cable-Lock-Helmet-Black/dp/B07MZ99X6R/ref=zg_bs_automotive_37?_encoding=UTF8&psc=1&refRID=5X9K8HSMG6GHYN56M4MV,B07MZ99X6R,cars and motorbike
https://www.amazon.in/Gear-BEI-Pro-Plus-Beige/dp/B01J78RPQ2/ref=zg_bs_automotive_16?_encoding=UTF8&psc=1&refRID=5X9K8HSMG6GHYN56M4MV,B01J78RPQ2,cars and motorbike
https://www.amazon.in/Shree-Chamunda-Enterprise-Portable-Compressor/dp/B08FZ63TKZ/ref=zg_bs_automotive_7?_encoding=UTF8&psc=1&refRID=5X9K8HSMG6GHYN56M4MV,B08FZ63TKZ,cars and motorbike
https://www.amazon.in/Godrej-aer-Twist-Cool-Freshener/dp/B01MSRDYGA/ref=zg_bs_automotive_19?_encoding=UTF8&psc=1&refRID=5X9K8HSMG6GHYN56M4MV,B01MSRDYGA,cars and motorbike
https://www.amazon.in/SOFTSPUN-Microfiber-Cleaning-Detailing-Polishing/dp/B077B3DYH8/ref=zg_bs_automotive_2?_encoding=UTF8&psc=1&refRID=5X9K8HSMG6GHYN56M4MV,B077B3DYH8,cars and motorbike
https://www.amazon.in/Motul-104103-Synthetic-20W-50-Petrol/dp/B00C72OYT2/ref=zg_bs_automotive_42?_encoding=UTF8&psc=1&refRID=5X9K8HSMG6GHYN56M4MV,B00C72OYT2,cars and motorbike
https://www.amazon.in/Vega-V-A_M-Motocross-Helmet-Anthracite/dp/B00OJZOK4Y/ref=zg_bs_automotive_43?_encoding=UTF8&psc=1&refRID=5X9K8HSMG6GHYN56M4MV,B00OJZOK4Y,cars and motorbike
https://www.amazon.in/HACER-HC0001-Disposable-Protection-Non-woven/dp/B088R178KK/ref=zg_bs_automotive_11?_encoding=UTF8&psc=1&refRID=5X9K8HSMG6GHYN56M4MV,B088R178KK,cars and motorbike
https://www.amazon.in/KUNDAN-Hand-Painted-Pollution-Mask/dp/B08F3ZYH77/ref=zg_bs_automotive_47?_encoding=UTF8&psc=1&refRID=5X9K8HSMG6GHYN56M4MV,B08F3ZYH77,cars and motorbike
https://www.amazon.in/Vega-Crux-Half-Helmet-Black/dp/B011GOY6HG/ref=zg_bs_automotive_10?_encoding=UTF8&psc=1&refRID=5X9K8HSMG6GHYN56M4MV,B011GOY6HG,cars and motorbike
https://www.amazon.in/Ambi-Pur-Aqua-Freshener-Refill/dp/B00TFC5NBK/ref=zg_bs_automotive_49?_encoding=UTF8&psc=1&refRID=5X9K8HSMG6GHYN56M4MV,B00TFC5NBK,cars and motorbike
https://www.amazon.in/Steelbird-SBA-2-7Wings-Protector-Everyone/dp/B089DBVSSF/ref=zg_bs_automotive_1?_encoding=UTF8&psc=1&refRID=5X9K8HSMG6GHYN56M4MV,B089DBVSSF,cars and motorbike
https://www.amazon.in/Motul-Combo-C2-Chain-C1/dp/B01ESPB2WM/ref=zg_bs_automotive_46?_encoding=UTF8&psc=1&refRID=5X9K8HSMG6GHYN56M4MV,B01ESPB2WM,cars and motorbike
https://www.amazon.in/AmazonBasics-Compact-Portable-Inflator-Carrying/dp/B074DDJFTH/ref=zg_bs_automotive_20?_encoding=UTF8&psc=1&refRID=5X9K8HSMG6GHYN56M4MV,B074DDJFTH,cars and motorbike
https://www.amazon.in/Motul-C2-Chain-Lube-Bikes/dp/B01ESPB2VI/ref=zg_bs_automotive_15?_encoding=UTF8&psc=1&refRID=5X9K8HSMG6GHYN56M4MV,B01ESPB2VI,cars and motorbike
https://www.amazon.in/Nippon-Paint-Pylac-Spray-RS-Gold/dp/B01GKBXR6Q/ref=zg_bs_automotive_28?_encoding=UTF8&psc=1&refRID=5X9K8HSMG6GHYN56M4MV,B01GKBXR6Q,cars and motorbike
https://www.amazon.in/TUSA-Digital-Car-Tyre-Inflator/dp/B075F5BB3C/ref=zg_bs_automotive_27?_encoding=UTF8&psc=1&refRID=5X9K8HSMG6GHYN56M4MV,B075F5BB3C,cars and motorbike
https://www.amazon.in/RNG-EKO-GREEN-Handheld-Cleaner/dp/B07C93P9YQ/ref=zg_bs_automotive_22?_encoding=UTF8&psc=1&refRID=5X9K8HSMG6GHYN56M4MV&smid=AHNMSHVCCLO15,B07C93P9YQ,cars and motorbike
https://www.amazon.in/AmazonBasics-Jumper-Cable-Gauge-Feet/dp/B074DMCRNF/ref=zg_bs_automotive_32?_encoding=UTF8&psc=1&refRID=5X9K8HSMG6GHYN56M4MV,B074DMCRNF,cars and motorbike
https://www.amazon.in/Areon-Anti-Tobacco-Gel-Freshener/dp/B00W6RS5GG/ref=zg_bs_automotive_33?_encoding=UTF8&psc=1&refRID=5X9K8HSMG6GHYN56M4MV,B00W6RS5GG,cars and motorbike
https://www.amazon.in/Sheen-Microfiber-Cleaning-Cloth-30x35cm/dp/B07FW5BW8C/ref=zg_bs_automotive_38?_encoding=UTF8&psc=1&refRID=5X9K8HSMG6GHYN56M4MV,B07FW5BW8C,cars and motorbike
https://www.amazon.in/Generic-unbranded-CBRNE-Ventilation-Support/dp/B00YUYOC24/ref=zg_bs_automotive_34?_encoding=UTF8&psc=1&refRID=5X9K8HSMG6GHYN56M4MV,B00YUYOC24,cars and motorbike
https://www.amazon.in/Abro-Colour-Spray-Paint-Silver/dp/B00T7THNDC/ref=zg_bs_automotive_24?_encoding=UTF8&psc=1&refRID=5X9K8HSMG6GHYN56M4MV,B00T7THNDC,cars and motorbike
https://www.amazon.in/Rally-WV001RCA0079-LED-Interior-Light/dp/B0711B7JBP/ref=zg_bs_automotive_39?_encoding=UTF8&psc=1&refRID=5X9K8HSMG6GHYN56M4MV,B0711B7JBP,cars and motorbike
https://www.amazon.in/AmazonBasics-SW-837-Emergency-Escape-Tool/dp/B073J92G1J/ref=zg_bs_automotive_9?_encoding=UTF8&psc=1&refRID=5X9K8HSMG6GHYN56M4MV,B073J92G1J,cars and motorbike
https://www.amazon.in/Steelbird-7Wings-Flip-Up-Protector-Everyone/dp/B08B1LQ8XY/ref=zg_bs_automotive_48?_encoding=UTF8&psc=1&refRID=5X9K8HSMG6GHYN56M4MV,B08B1LQ8XY,cars and motorbike
https://www.amazon.in/EASY4BUY-Premium-Quality-Tubeless-Puncture/dp/B07FZ1BCY9/ref=zg_bs_automotive_17?_encoding=UTF8&psc=1&refRID=5X9K8HSMG6GHYN56M4MV,B07FZ1BCY9,cars and motorbike
https://www.amazon.in/Gear-Premium-Dri-Fit-Helmet-Skull/dp/B0757LWCCW/ref=zg_bs_automotive_25?_encoding=UTF8&psc=1&refRID=5X9K8HSMG6GHYN56M4MV,B0757LWCCW,cars and motorbike
https://www.amazon.in/Steelbird-7Wings-Unisex-Protector-Everyone/dp/B089F8H31L/ref=zg_bs_automotive_8?_encoding=UTF8&psc=1&refRID=5X9K8HSMG6GHYN56M4MV,B089F8H31L,cars and motorbike
https://www.amazon.in/Gear-ProShield-L95-Reusable-Facemask/dp/B08C83SV8D/ref=zg_bs_automotive_21?_encoding=UTF8&psc=1&refRID=5X9K8HSMG6GHYN56M4MV,B08C83SV8D,cars and motorbike
https://www.amazon.in/Probiker-Synthetic-Leather-Motorcycle-Gloves/dp/B00QESWIUC/ref=zg_bs_automotive_29?_encoding=UTF8&psc=1&refRID=5X9K8HSMG6GHYN56M4MV,B00QESWIUC,cars and motorbike
https://www.amazon.in/Vega-Kavach-2-Shield-Protection-Protector/dp/B088L1SBGS/ref=zg_bs_automotive_14?_encoding=UTF8&psc=1&refRID=5X9K8HSMG6GHYN56M4MV,B088L1SBGS,cars and motorbike
https://www.amazon.in/Sheeba-SCAIO07-Multipurpose-Liquid-Polish/dp/B00TC5I66Y/ref=zg_bs_automotive_13?_encoding=UTF8&psc=1&refRID=5X9K8HSMG6GHYN56M4MV,B00TC5I66Y,cars and motorbike
https://www.amazon.in/Solimo-SOL_Auto_142-Bike-Cover-Silver/dp/B07F7LSJD2/ref=zg_bs_automotive_5?_encoding=UTF8&psc=1&refRID=5X9K8HSMG6GHYN56M4MV,B07F7LSJD2,cars and motorbike
https://www.amazon.in/Outlet-Internal-Cleaner-Keyboard-Cleaning/dp/B07C3S8VW6/ref=zg_bs_automotive_31?_encoding=UTF8&psc=1&refRID=5X9K8HSMG6GHYN56M4MV,B07C3S8VW6,cars and motorbike
https://www.amazon.in/Marcloire-Standard-Certified-5-Layered-Protection/dp/B088HHKPGZ/ref=zg_bs_automotive_3?_encoding=UTF8&psc=1&refRID=5X9K8HSMG6GHYN56M4MV,B088HHKPGZ,cars and motorbike
https://www.amazon.in/LAZI-Multipurpose-Detailing-Universal-Electronic/dp/B08BXMYX74/ref=zg_bs_automotive_30?_encoding=UTF8&psc=1&refRID=5X9K8HSMG6GHYN56M4MV,B08BXMYX74,cars and motorbike
https://www.amazon.in/SOFTSPUN-Microfiber-Detailing-Polishing-Muticolor/dp/B01LZ3TGL2/ref=zg_bs_automotive_6?_encoding=UTF8&psc=1&refRID=5X9K8HSMG6GHYN56M4MV,B01LZ3TGL2,cars and motorbike
https://www.amazon.in/Ambi-Pur-Air-Effects-Freshener/dp/B073H63PQJ/ref=zg_bs_automotive_18?_encoding=UTF8&psc=1&refRID=5X9K8HSMG6GHYN56M4MV,B073H63PQJ,cars and motorbike
https://www.amazon.in/Generic-unbranded-Chain-Cleaner-Brush/dp/B01N9LMGAX/ref=zg_bs_automotive_12?_encoding=UTF8&psc=1&refRID=5X9K8HSMG6GHYN56M4MV,B01N9LMGAX,cars and motorbike
https://www.amazon.in/3M-IA260166359-Auto-Specialty-Dashboard/dp/B00S5SAVQW/ref=zg_bs_automotive_45?_encoding=UTF8&psc=1&refRID=5X9K8HSMG6GHYN56M4MV,B00S5SAVQW,cars and motorbike
https://www.amazon.in/Shadow-Securitronics-Repellent-Highly-Effective/dp/B07KCCSJG8/ref=zg_bs_automotive_41?_encoding=UTF8&psc=1&refRID=5X9K8HSMG6GHYN56M4MV,B07KCCSJG8,cars and motorbike
https://www.amazon.in/JOPASU-Jopasu-Car-Duster/dp/B00RJQ8XHU/ref=zg_bs_automotive_35?_encoding=UTF8&psc=1&refRID=5X9K8HSMG6GHYN56M4MV,B00RJQ8XHU,cars and motorbike
https://www.amazon.in/Sheeba-Rubbing-Compound-Scratch-Remover/dp/B00TC5INBC/ref=zg_bs_automotive_44?_encoding=UTF8&psc=1&refRID=5X9K8HSMG6GHYN56M4MV,B00TC5INBC,cars and motorbike
https://www.amazon.in/Steelbird-7Wings-Flip-Up-Protector-Everyone/dp/B089ZXQV81/ref=zg_bs_automotive_4?_encoding=UTF8&psc=1&refRID=5X9K8HSMG6GHYN56M4MV,B089ZXQV81,cars and motorbike
https://www.amazon.in/Waxpol-Ecosaver-Car-Shampoo-Concentrate/dp/B07NDWCQJR/ref=zg_bs_automotive_23?_encoding=UTF8&psc=1&refRID=5X9K8HSMG6GHYN56M4MV,B07NDWCQJR,cars and motorbike
https://www.amazon.in/Studds-Face-Protection-Shield/dp/B087S3FPM2/ref=zg_bs_automotive_40?_encoding=UTF8&psc=1&refRID=5X9K8HSMG6GHYN56M4MV,B087S3FPM2,cars and motorbike
https://www.amazon.in/Quick-Heal-Total-Security-Years/dp/B00S0OL5R0/ref=zg_bs_software_45?_encoding=UTF8&psc=1&refRID=H0WKZFTVGXRCX5V26NMX,B00S0OL5R0,software
https://www.amazon.in/K7-Total-Security-PC-Year/dp/B01GZZX4HY/ref=zg_bs_software_39?_encoding=UTF8&psc=1&refRID=H0WKZFTVGXRCX5V26NMX,B01GZZX4HY,software
https://www.amazon.in/Quick-Heal-Antivirus-Pro-Delivery/dp/B073VL49H9/ref=zg_bs_software_36?_encoding=UTF8&psc=1&refRID=H0WKZFTVGXRCX5V26NMX,B073VL49H9,software
https://www.amazon.in/Kaspersky-Anti-Virus-Latest-Version-Device/dp/B015RUMM5I/ref=zg_bs_software_27?_encoding=UTF8&psc=1&refRID=H0WKZFTVGXRCX5V26NMX,B015RUMM5I,software
https://www.amazon.in/McAfee-Total-Protection-Delivery-hours/dp/B073VLGMZ4/ref=zg_bs_software_18?_encoding=UTF8&psc=1&refRID=H0WKZFTVGXRCX5V26NMX,B073VLGMZ4,software
https://www.amazon.in/Quick-Heal-Security-Renewal-Upgrade/dp/B073VKKNN7/ref=zg_bs_software_9?_encoding=UTF8&psc=1&refRID=H0WKZFTVGXRCX5V26NMX,B073VKKNN7,software
https://www.amazon.in/Kaspersky-Total-Security-User-Year/dp/B01AD36M8C/ref=zg_bs_software_6?_encoding=UTF8&psc=1&refRID=H0WKZFTVGXRCX5V26NMX,B01AD36M8C,software
https://www.amazon.in/K7-Antivirus-Premium-Email-Delivery/dp/B082L13F3H/ref=zg_bs_software_7?_encoding=UTF8&psc=1&refRID=H0WKZFTVGXRCX5V26NMX,B082L13F3H,software
https://www.amazon.in/Max-Secure-Software-Antivirus-Platinum/dp/B07F2T3P2C/ref=zg_bs_software_41?_encoding=UTF8&psc=1&refRID=H0WKZFTVGXRCX5V26NMX,B07F2T3P2C,software
https://www.amazon.in/Kaspersky-Internet-Security-Version-Activation/dp/B00UP4DYBI/ref=zg_bs_software_50?_encoding=UTF8&psc=1&refRID=H0WKZFTVGXRCX5V26NMX,B00UP4DYBI,software
https://www.amazon.in/McAfee-Anti-Virus-Email-Delivery-hours/dp/B073VJYGYW/ref=zg_bs_software_2?_encoding=UTF8&psc=1&refRID=H0WKZFTVGXRCX5V26NMX,B073VJYGYW,software
https://www.amazon.in/eScan-Mobile-Android-Security-Delivery/dp/B08CVP4XKK/ref=zg_bs_software_46?_encoding=UTF8&psc=1&refRID=H0WKZFTVGXRCX5V26NMX,B08CVP4XKK,software
https://www.amazon.in/Quick-Heal-Total-Security-Version/dp/B00O8O9KT6/ref=zg_bs_software_38?_encoding=UTF8&psc=1&refRID=H0WKZFTVGXRCX5V26NMX,B00O8O9KT6,software
https://www.amazon.in/Quick-Heal-Security-Latest-Version/dp/B073VL49H8/ref=zg_bs_software_24?_encoding=UTF8&psc=1&refRID=H0WKZFTVGXRCX5V26NMX,B073VL49H8,software
https://www.amazon.in/Quick-Heal-Security-Latest-Version/dp/B073VMC9S1/ref=zg_bs_software_40?_encoding=UTF8&psc=1&refRID=H0WKZFTVGXRCX5V26NMX,B073VMC9S1,software
https://www.amazon.in/Norton-Antivirus-Firewall-Password-Manager/dp/B086XSDRQN/ref=zg_bs_software_34?_encoding=UTF8&psc=1&refRID=H0WKZFTVGXRCX5V26NMX,B086XSDRQN,software
https://www.amazon.in/BitDefender-Security-Latest-Version-Windows/dp/B073VLNGJW/ref=zg_bs_software_12?_encoding=UTF8&psc=1&refRID=H0WKZFTVGXRCX5V26NMX,B073VLNGJW,software
https://www.amazon.in/BitDefender-Antivirus-Latest-Version-Windows/dp/B073VLNGJZ/ref=zg_bs_software_22?_encoding=UTF8&psc=1&refRID=H0WKZFTVGXRCX5V26NMX,B073VLNGJZ,software
https://www.amazon.in/Eset-Internet-Security-Delivery-hours/dp/B079KPY3H6/ref=zg_bs_software_44?_encoding=UTF8&psc=1&refRID=H0WKZFTVGXRCX5V26NMX,B079KPY3H6,software
https://www.amazon.in/Quick-Heal-Security-Latest-Version/dp/B01AJGAAHW/ref=zg_bs_software_23?_encoding=UTF8&psc=1&refRID=H0WKZFTVGXRCX5V26NMX,B01AJGAAHW,software
https://www.amazon.in/Kaspersky-Internet-Security-Latest-Version/dp/B0169ZW5YI/ref=zg_bs_software_19?_encoding=UTF8&psc=1&refRID=H0WKZFTVGXRCX5V26NMX,B0169ZW5YI,software
https://www.amazon.in/McAfee-Total-Protection-Delivery-hours/dp/B073VKKNND/ref=zg_bs_software_33?_encoding=UTF8&psc=1&refRID=H0WKZFTVGXRCX5V26NMX,B073VKKNND,software
https://www.amazon.in/BitDefender-Security-Latest-Version-Windows/dp/B072841DS1/ref=zg_bs_software_20?_encoding=UTF8&psc=1&refRID=H0WKZFTVGXRCX5V26NMX,B072841DS1,software
https://www.amazon.in/Microsoft-Personal-delivery-Subscription-Office/dp/B08C85B28L/ref=zg_bs_software_35?_encoding=UTF8&psc=1&refRID=H0WKZFTVGXRCX5V26NMX,B08C85B28L,software
https://www.amazon.in/Quick-Heal-Security-Version-Android/dp/B081HK91Y1/ref=zg_bs_software_15?_encoding=UTF8&psc=1&refRID=H0WKZFTVGXRCX5V26NMX,B081HK91Y1,software
https://www.amazon.in/BitDefender-Security-Mobile-Version-Android/dp/B07B9YYLGG/ref=zg_bs_software_11?_encoding=UTF8&psc=1&refRID=H0WKZFTVGXRCX5V26NMX,B07B9YYLGG,software
https://www.amazon.in/Quick-Heal-Antivirus-Upgrade-Renewal/dp/B081HKDDQW/ref=zg_bs_software_31?_encoding=UTF8&psc=1&refRID=H0WKZFTVGXRCX5V26NMX,B081HKDDQW,software
https://www.amazon.in/Quick-Heal-Total-Security-Year/dp/B0130YUUKW/ref=zg_bs_software_43?_encoding=UTF8&psc=1&refRID=H0WKZFTVGXRCX5V26NMX,B0130YUUKW,software
https://www.amazon.in/Kaspersky-Anti-Virus-Latest-Version-Delivery/dp/B073VJYG4Q/ref=zg_bs_software_37?_encoding=UTF8&psc=1&refRID=H0WKZFTVGXRCX5V26NMX,B073VJYG4Q,software
https://www.amazon.in/Microsoft-Office-Student-One-Time-Purchase/dp/B07MZGN35J/ref=zg_bs_software_4?_encoding=UTF8&psc=1&refRID=H0WKZFTVGXRCX5V26NMX&smid=AGCEZZ1WU6UN3,B07MZGN35J,software
https://www.amazon.in/Testbook-com-Pass-Subscription-Email-Delivery/dp/B07JXH7Y75/ref=zg_bs_software_26?_encoding=UTF8&psc=1&refRID=H0WKZFTVGXRCX5V26NMX,B07JXH7Y75,software
https://www.amazon.in/McAfee-Mobile-Security-Product-Delivery/dp/B073VLNGJT/ref=zg_bs_software_49?_encoding=UTF8&psc=1&refRID=H0WKZFTVGXRCX5V26NMX,B073VLNGJT,software
https://www.amazon.in/K7-Total-Security-Email-Delivery/dp/B07CBWJSVS/ref=zg_bs_software_8?_encoding=UTF8&psc=1&refRID=H0WKZFTVGXRCX5V26NMX,B07CBWJSVS,software
https://www.amazon.in/Kaspersky-Security-Latest-Version-Delivery/dp/B073VKKNN9/ref=zg_bs_software_1?_encoding=UTF8&psc=1&refRID=H0WKZFTVGXRCX5V26NMX,B073VKKNN9,software
https://www.amazon.in/K7-Total-Security-Email-Delivery/dp/B0881KMFQW/ref=zg_bs_software_16?_encoding=UTF8&psc=1&refRID=H0WKZFTVGXRCX5V26NMX,B0881KMFQW,software
https://www.amazon.in/McAfee-Antivirus-Plus-Delivery-hours/dp/B07895T7B1/ref=zg_bs_software_3?_encoding=UTF8&psc=1&refRID=H0WKZFTVGXRCX5V26NMX,B07895T7B1,software
https://www.amazon.in/Kaspersky-Anti-Virus-Latest-Version-Delivery/dp/B073VL1XM3/ref=zg_bs_software_13?_encoding=UTF8&psc=1&refRID=H0WKZFTVGXRCX5V26NMX,B073VL1XM3,software
https://www.amazon.in/BitDefender-Security-Latest-Version-Windows/dp/B073VJVSCC/ref=zg_bs_software_10?_encoding=UTF8&psc=1&refRID=H0WKZFTVGXRCX5V26NMX,B073VJVSCC,software
https://www.amazon.in/Kaspersky-Internet-Security-Version-Delivery/dp/B073VLGMYZ/ref=zg_bs_software_28?_encoding=UTF8&psc=1&refRID=H0WKZFTVGXRCX5V26NMX,B073VLGMYZ,software
https://www.amazon.in/NPAV-Protector-2020-Total-Security/dp/B0846J7XJ9/ref=zg_bs_software_25?_encoding=UTF8&psc=1&refRID=H0WKZFTVGXRCX5V26NMX,B0846J7XJ9,software
https://www.amazon.in/Quick-Heal-Antivirus-Latest-Version/dp/B00O3SFL2M/ref=zg_bs_software_14?_encoding=UTF8&psc=1&refRID=H0WKZFTVGXRCX5V26NMX,B00O3SFL2M,software
https://www.amazon.in/K7-Total-Security-Years-DVD/dp/B074KCS13B/ref=zg_bs_software_29?_encoding=UTF8&psc=1&refRID=H0WKZFTVGXRCX5V26NMX,B074KCS13B,software
https://www.amazon.in/Kaspersky-Internet-Security-Latest-Version/dp/B073VKWTZG/ref=zg_bs_software_5?_encoding=UTF8&psc=1&refRID=H0WKZFTVGXRCX5V26NMX,B073VKWTZG,software
https://www.amazon.in/eScan-Mobile-Android-Security-Delivery/dp/B08CVP846W/ref=zg_bs_software_21?_encoding=UTF8&psc=1&refRID=H0WKZFTVGXRCX5V26NMX,B08CVP846W,software
https://www.amazon.in/NPAV-Net-Protector-Anti-Virus-2020/dp/B085LHBMJD/ref=zg_bs_software_30?_encoding=UTF8&psc=1&refRID=H0WKZFTVGXRCX5V26NMX,B085LHBMJD,software
https://www.amazon.in/Kaspersky-Internet-Security-Latest-Version/dp/B088GG3DPG/ref=zg_bs_software_48?_encoding=UTF8&psc=1&refRID=H0WKZFTVGXRCX5V26NMX,B088GG3DPG,software
https://www.amazon.in/Quick-Heal-Antivirus-Pro-Renewal/dp/B081HK535Q/ref=zg_bs_software_42?_encoding=UTF8&psc=1&refRID=H0WKZFTVGXRCX5V26NMX,B081HK535Q,software
https://www.amazon.in/Quick-Heal-Security-Latest-Version/dp/B073VKTK96/ref=zg_bs_software_32?_encoding=UTF8&psc=1&refRID=H0WKZFTVGXRCX5V26NMX,B073VKTK96,software
https://www.amazon.in/Quick-Heal-Antivirus-Latest-Version/dp/B073VMC9RY/ref=zg_bs_software_17?_encoding=UTF8&psc=1&refRID=H0WKZFTVGXRCX5V26NMX,B073VMC9RY,software
https://www.amazon.in/Quick-Heal-Antivirus-Pro-Year/dp/B00F0HW1ZA/ref=zg_bs_software_47?_encoding=UTF8&psc=1&refRID=H0WKZFTVGXRCX5V26NMX,B00F0HW1ZA,software
